no,catalogueNo,description,unit
1,11074158,"BOX,JUNCTION,LV",EA
2,11074160,"BOX,JUNCTION,BASE",EA
3,11131087,WALL SUPPORT,UNT
4,11131088,BRACKET.TWO LEGGED,UNT
5,11074210,"NEUTRAL LINK,LV,100A",EA
6,11074290,"INSULATOR,SHACKLE",EA
7,11132500,"FUSE,LV,DIN,NH-000,32AMPS",EA
8,11132501,"FUSE,LV,DIN,NH-2,200AMPS",EA
9,11132466,"FUSE,LV,DIN,NH-000,63AMPS",EA
10,11130049,"FUSE,SWITCH DISCONNECTOR,LV,CUT OUT,100A",UNT
11,11074068,"ARRESTER,LIGHTNING,LV",EA
12,11074500,"FUSE SWITCH,LV,400AMPS (3X1 POLE)",EA
13,11074499,"FUSE SWITCH,LV,160AMPS (3X1 POLE)",EA
14,11074508,"FUSE,LV,DIN,NH-1,200AMPS",EA
15,11074507,"FUSE,LV,DIN,NH-1,160AMPS",EA
16,11074505,"FUSE,LV,DIN,NH-00,100AMPS",EA
17,11074526,"FUSE,TIME LAG,FOR RMU SF6,5AMP",SET
18,11074527,"FUSE,TIME LAG,FOR RMU SF6,7.5AMP",SET
19,11075055,"CONDUCTOR,PVC,AL,1C,2.5MMP (3/.044"")",M
20,11075057,"CONDUCTOR,PVC,AL,1C,25MMP (7/.083)",M
21,11075058,"CONDUCTOR,PVC,AL,1C,35MMP (19/.064)",M
22,11075072,"CONDUCTOR,ABC,LV,1X16+25MMP",M
23,11075073,"CONDUCTOR,ABC,LV,3X16+25MMP",M
24,11075080,"CONDUCTOR,ABC,LV,3X95+70+16MMP",M
25,11075081,"CONDUCTOR,ABC,LV,3X185+120+16MMP",M
26,11075084,"CLAMP,ABC DEAD END,25-16MMP",EA
27,11075087,"CLAMP,ABC DEAD END,70MMP",EA
28,11075088,"CLAMP,ABC DEAD END,120MMP",EA
29,11075099,"CLAMP,ABC SUSPENSION,25-120MM2",SET
30,11075119,"TUBE,ABC DEAD END,16-25MM2",EA
31,11075097,"TUBE,ABC DEAD END,95-70MMP",EA
32,11075096,"TUBE,ABC DEAD END,185-120MMP",EA
33,11075100,"HOOK,ABC SUSPENSION,LV",EA
34,11117106,"Q-HOOK,FOR SERVICE CABLE",EA
35,11084859,"IPC,ABC,MAIN 16-70MM2 T/O 1.5-6MM2",EA
36,11084891,"IPC,ABC,MAIN 70-185MM2 T/O 1.5-6MM2",EA
37,11075109,"IPC,ABC,MAIN 70-95MM2 T/O 70-95MM2",EA
38,11075113,"IPC,ABC,MAIN 16-95MM2 T/O 16-25MM2",EA
39,11135912,"IPC,ABC,MAIN 70-95MM2 T/O 6-35MM2",EA
40,11135914,"IPC,ABC,MAIN 120-185MM2 T/O 6-35MM2",EA
41,11075115,"IPC,ABC,MAIN 120-185MM2 T/O 16-25MM2",EA
42,11075116,"IPC,ABC,MAIN 120-185MM2 T/O 70-185MM2",EA
43,11075152,"IPC,BARE-ABC/PVC,MAIN 25-50 T/O 16-70",EA
44,11075153,"IPC,BARE-ABC/PVC,MAIN 25-100 T/O 95-185",EA
45,11092497,"COPPER,CLAD STEEL EARTH ROD ASSEMBLY",SET
46,11075260,"BRACKET,""D"" MILD STEE GALVANISED",EA
47,11075297,"BAND,UNIVERSAL FOR SPUN POLE,7.5M & 9M",EA
48,11075333,"POLE,SPUN CONCRETE,7.5M - 2.0KN",EA
49,11075334,"POLE,SPUN CONCRETE,9.0M - 2.0KN",EA
50,11131086,"BLOCK,KICKING",UNT
51,11075241,"WIRE,STAY,45 TON,SWG 7/12",KG
52,11075242,"WIRE,STAY,45 TON,SWG 7/10",KG
53,11138421,"ROD,STAY,2.5MX19MM DIA",EA
54,11074287,"INSULATOR,STAY",EA
55,11138422,"BOW,WITH THIMBLE,FOR 2.5MX19MM STAY ROD",EA
56,11138410,"PLATE,STAY,450X450X6MM,WITH 19MM SQ HOLE",EA
57,11075364,"THIMBLE,STAY,5/8""",EA
58,11075126,"CABLE TIE,ABC",EA
59,11075435,"PVC CASING,2 WIRE COMPLETE WITH 5 CLIP",M
60,11075436,"PVC CASING,3 WIRE COMPLETE WITH 5 CLIP",M
61,11075437,"PVC CASING,4 WIRE COMPLETE WITH 5 CLIP",M
62,11076009,"BOLT & NUT,GVD. HRH DIA. 5/8"" X 4 1/2""",EA
63,11076013,"BOLT & NUT,GVD. HRH DIA. 5/8"" X 7""",EA
64,11076015,"BOLT & NUT,GVD. HRH DIA. 5/8"" X 9""",EA
65,11076018,"BOLT & NUT,GVD. HRH DIA. 5/8"" X 12""",EA
66,11075143,"CONNECTOR,ABC PRE-INSULATED,16MMP",EA
67,11075144,"CONNECTOR,ABC PRE-INSULATED,25MMP",EA
68,11075145,"CONNECTOR,ABC PRE-INSULATED,70MMP",EA
69,11075146,"CONNECTOR,ABC PRE-INSULATED,95MMP",EA
70,11075147,"CONNECTOR,ABC PRE-INSULATED,120MMP",EA
71,11075148,"CONNECTOR,ABC PRE-INSULATED,185MMP",EA
72,11126680,PRE-INSULATED CON.TRANS JOINT 120-185MMP,EA
73,11126679,PRE-INSULATED CON.TRANS JOINT 95-185MMP,EA
74,11126675,PRE-INSULATED CON.TRANS JOINT 70-120MMP,EA
75,11126676,PRE-INSULATED CON.TRANS JOINT 70-185MMP,EA
76,11126677,PRE-INSULATED CON.TRANS JOINT 95-70MMP,EA
77,11074939,"INSULATION SLEEVE,5MCABLE,TERM 185/300MM",SET
78,11087603,"SLEEVE,INSULATION,5MCABLE,TERM 70/120MMP",SET
79,11074459,"FUSE,11KV,DIN,50AMP",EA
80,11074461,"FUSE,11KV,DIN,80AMP",EA
81,11092223,"FUSE,11KV,DIN,31.5AMP",EA
82,11074976,"CABLE END CAP,FOR CABLE DIA. 17 - 30MM",SET
83,11074977,"CABLE END CAP,FOR CABLE DIA. 28 - 47MM",SET
84,11074978,"CABLE END CAP,FOR CABLE DIA. 45-65MM",SET
85,11074979,"CABLE END CAP,FOR CABLE DIA. 65 - 90MM",SET
86,11251537,"CABLE END CAP,FOR CABLE DIA. 16 - 30MM",SET
87,11251538,"CABLE END CAP,FOR CABLE DIA. 26 - 48MM",SET
88,11251539,"CABLE END CAP,FOR CABLE DIA. 48 - 84MM",SET
89,11251540,"CABLE END CAP,FOR CABLE DIA. 84 - 110MM",SET
